mean_fit_time,std_fit_time,mean_score_time,std_score_time,param_bagging_temperature,param_l2_leaf_reg,param_max_depth,param_max_leaves,param_model_shrink_rate,params,split0_test_AUC,split1_test_AUC,split2_test_AUC,split3_test_AUC,split4_test_AUC,mean_test_AUC,std_test_AUC,rank_test_AUC,split0_train_AUC,split1_train_AUC,split2_train_AUC,split3_train_AUC,split4_train_AUC,mean_train_AUC,std_train_AUC,split0_test_custom_score,split1_test_custom_score,split2_test_custom_score,split3_test_custom_score,split4_test_custom_score,mean_test_custom_score,std_test_custom_score,rank_test_custom_score,split0_train_custom_score,split1_train_custom_score,split2_train_custom_score,split3_train_custom_score,split4_train_custom_score,mean_train_custom_score,std_train_custom_score
8.150538301467895,0.12080028036728681,0.6276820182800293,0.010277410862316745,11.67930980715542,47.07106299857999,11,37,8.836366316842849,"{'bagging_temperature': 11.67930980715542, 'l2_leaf_reg': 47.07106299857999, 'max_depth': 11, 'max_leaves': 37, 'model_shrink_rate': 8.836366316842849}",0.7094187647941508,0.6982190886249682,0.6968220938635009,0.6913486814010648,0.6981275167572937,0.6987872290881957,0.005881858610295825,1,0.7567373176530868,0.7455566962601932,0.7356787893248232,0.7408438717731896,0.7441662525612273,0.744596585514504,0.006958653968411087,0.927076823079423,0.9227698449255336,0.917997842048475,0.9229179744716468,0.9213660607943659,0.922425709063889,0.0029230968875401924,1,0.9327370326603475,0.9312250303288216,0.9256337801824002,0.9280818387961245,0.9283817187335648,0.9292118801402518,0.002499937386441632
