mean_fit_time,std_fit_time,mean_score_time,std_score_time,param_l2_regularization,param_max_leaf_nodes,params,split0_test_AUC,split1_test_AUC,split2_test_AUC,split3_test_AUC,split4_test_AUC,mean_test_AUC,std_test_AUC,rank_test_AUC,split0_train_AUC,split1_train_AUC,split2_train_AUC,split3_train_AUC,split4_train_AUC,mean_train_AUC,std_train_AUC,split0_test_custom_score,split1_test_custom_score,split2_test_custom_score,split3_test_custom_score,split4_test_custom_score,mean_test_custom_score,std_test_custom_score,rank_test_custom_score,split0_train_custom_score,split1_train_custom_score,split2_train_custom_score,split3_train_custom_score,split4_train_custom_score,mean_train_custom_score,std_train_custom_score
28.158399486541747,0.2750155264087821,2.990919828414917,0.016135689384312226,0.7447468982746397,22,"{'l2_regularization': 0.7447468982746397, 'max_leaf_nodes': 22}",0.7796483665116938,0.7754877777306272,0.770843747615003,0.7771991526316357,0.7749798469257766,0.7756317782829473,0.002896916694657883,1,0.8237973296509852,0.824308892826003,0.8243792377554171,0.8241322078504824,0.8237237439868782,0.8240682824139531,0.0002648755117780607,0.9405602165218524,0.939430419592182,0.9381908462867012,0.9399257680541662,0.9391190152058149,0.9394452531321432,0.0007942576034326651,1,0.9484238984580303,0.9483243095058598,0.948722133230558,0.9481053668007711,0.9482929526030275,0.9483737321196493,0.0002024291802211451
