mean_fit_time,std_fit_time,mean_score_time,std_score_time,param_bagging_fraction,param_feature_fraction,param_max_depth,param_min_child_weight,param_min_split_gain,param_num_leaves,param_reg_alpha,param_reg_lambda,params,split0_test_AUC,split1_test_AUC,split2_test_AUC,split3_test_AUC,split4_test_AUC,mean_test_AUC,std_test_AUC,rank_test_AUC,split0_train_AUC,split1_train_AUC,split2_train_AUC,split3_train_AUC,split4_train_AUC,mean_train_AUC,std_train_AUC,split0_test_custom_score,split1_test_custom_score,split2_test_custom_score,split3_test_custom_score,split4_test_custom_score,mean_test_custom_score,std_test_custom_score,rank_test_custom_score,split0_train_custom_score,split1_train_custom_score,split2_train_custom_score,split3_train_custom_score,split4_train_custom_score,mean_train_custom_score,std_train_custom_score
118.11081538200378,17.067992686017817,4.2881842136383055,0.04710092816988379,0.5055661157449294,0.18067907925566848,10,47.42369264601568,0.06974351473605518,24,0.24903451277692473,0.9353958364437036,"{'bagging_fraction': 0.5055661157449294, 'feature_fraction': 0.18067907925566848, 'max_depth': 10, 'min_child_weight': 47.42369264601568, 'min_split_gain': 0.06974351473605518, 'num_leaves': 24, 'reg_alpha': 0.24903451277692473, 'reg_lambda': 0.9353958364437036}",0.776682951014277,0.7702724165025153,0.7671436351350298,0.7676851784405705,0.7684559154227742,0.7700480193030333,0.0034821238351963177,1,0.9897787246393734,0.9899102573746316,0.9898771405158548,0.9897123317456473,0.9898363312340859,0.9898229571019186,7.061236090901968e-05,0.9409861776290984,0.939417938625964,0.9398668905144502,0.9380567636210074,0.9395069798869704,0.9395669500554981,0.0009392161709370749,1,0.9924045052209862,0.9924938488035147,0.99267813108765,0.9926051007630788,0.9923510330727771,0.9925065237896014,0.00012158313293928271
