mean_fit_time,std_fit_time,mean_score_time,std_score_time,param_max_depth,param_max_leaves,param_min_child_weight,param_reg_alpha,param_reg_lambda,params,split0_test_AUC,split1_test_AUC,split2_test_AUC,split3_test_AUC,split4_test_AUC,split5_test_AUC,split6_test_AUC,split7_test_AUC,split8_test_AUC,split9_test_AUC,mean_test_AUC,std_test_AUC,rank_test_AUC,split0_train_AUC,split1_train_AUC,split2_train_AUC,split3_train_AUC,split4_train_AUC,split5_train_AUC,split6_train_AUC,split7_train_AUC,split8_train_AUC,split9_train_AUC,mean_train_AUC,std_train_AUC,split0_test_custom_score,split1_test_custom_score,split2_test_custom_score,split3_test_custom_score,split4_test_custom_score,split5_test_custom_score,split6_test_custom_score,split7_test_custom_score,split8_test_custom_score,split9_test_custom_score,mean_test_custom_score,std_test_custom_score,rank_test_custom_score,split0_train_custom_score,split1_train_custom_score,split2_train_custom_score,split3_train_custom_score,split4_train_custom_score,split5_train_custom_score,split6_train_custom_score,split7_train_custom_score,split8_train_custom_score,split9_train_custom_score,mean_train_custom_score,std_train_custom_score
508.0628283023834,23.675876954824513,1.1165150165557862,0.005170995944128265,31,42,141.88074285566543,0.33540784926997513,6.602674889764811e-20,"{'max_depth': 31, 'max_leaves': 42, 'min_child_weight': 141.88074285566543, 'reg_alpha': 0.33540784926997513, 'reg_lambda': 6.602674889764811e-20}",0.7795886138916333,0.7799819028598849,0.7753188757961813,0.7758636268897793,0.7692403142912307,0.77292222136664,0.7727807341731276,0.7794106862407055,0.7711656907337774,0.7785097327131163,0.7754782398956077,0.0036513794852949875,1,0.9423848426494422,0.9432382104801655,0.9427209278887156,0.9427868442032409,0.9429717427562743,0.9424991196886889,0.9425767860314871,0.9433797662605801,0.9424075513415876,0.9431804275715815,0.9428146218871764,0.00034254788628702653,0.9415032580298809,0.9426973243285044,0.9401646733059309,0.9401571095271731,0.9409050759375348,0.9409190183467664,0.9398231153877574,0.9420171463085032,0.9409429748417159,0.9431704108830351,0.9412300106896803,0.001056527910715684,1,0.9772287106333432,0.9774643120846666,0.9772814159632913,0.977144256169805,0.9773361121582255,0.9773677146823809,0.9774318594091208,0.9775700826691948,0.9771903386556358,0.977552514924306,0.9773567317349968,0.00014018115425121672
