mean_fit_time,std_fit_time,mean_score_time,std_score_time,param_bagging_temperature,param_l2_leaf_reg,param_max_depth,param_max_leaves,param_model_shrink_rate,params,split0_test_AUC,split1_test_AUC,split2_test_AUC,split3_test_AUC,split4_test_AUC,mean_test_AUC,std_test_AUC,rank_test_AUC,split0_train_AUC,split1_train_AUC,split2_train_AUC,split3_train_AUC,split4_train_AUC,mean_train_AUC,std_train_AUC,split0_test_custom_score,split1_test_custom_score,split2_test_custom_score,split3_test_custom_score,split4_test_custom_score,mean_test_custom_score,std_test_custom_score,rank_test_custom_score,split0_train_custom_score,split1_train_custom_score,split2_train_custom_score,split3_train_custom_score,split4_train_custom_score,mean_train_custom_score,std_train_custom_score
35.6017463684082,0.5826828887857016,5.83818416595459,0.03247685380146373,36.64027092063996,65.15813814892563,6,41,9.920001599915143,"{'bagging_temperature': 36.64027092063996, 'l2_leaf_reg': 65.15813814892563, 'max_depth': 6, 'max_leaves': 41, 'model_shrink_rate': 9.920001599915143}",0.7186623823351771,0.7199883630172801,0.7139972253701604,0.7159030295288484,0.7124801037585397,0.716206220802001,0.0027997451027274517,1,0.7203731330019294,0.7221384734708346,0.7244391024923472,0.7199531987131973,0.7195940568214503,0.7212995928999518,0.0017966746871255158,0.9259410974978065,0.927347024469428,0.9254411529553767,0.9270607128788874,0.926558479658421,0.926469693491984,0.0007020264814854192,1,0.9259736813164742,0.9278524197412554,0.9268704205495664,0.9287719919119763,0.928070930258499,0.9275078887555542,0.0009791662069329019
