mean_fit_time,std_fit_time,mean_score_time,std_score_time,param_max_depth,param_max_leaves,param_min_child_weight,param_reg_alpha,param_reg_lambda,params,split0_test_AUC,split1_test_AUC,split2_test_AUC,split3_test_AUC,split4_test_AUC,mean_test_AUC,std_test_AUC,rank_test_AUC,split0_train_AUC,split1_train_AUC,split2_train_AUC,split3_train_AUC,split4_train_AUC,mean_train_AUC,std_train_AUC,split0_test_custom_score,split1_test_custom_score,split2_test_custom_score,split3_test_custom_score,split4_test_custom_score,mean_test_custom_score,std_test_custom_score,rank_test_custom_score,split0_train_custom_score,split1_train_custom_score,split2_train_custom_score,split3_train_custom_score,split4_train_custom_score,mean_train_custom_score,std_train_custom_score
21.302559995651244,0.8672855483604439,0.2249309539794922,0.0035573702433857293,31,42,141.88074285566543,0.33540784926997513,6.602674889764811e-20,"{'max_depth': 31, 'max_leaves': 42, 'min_child_weight': 141.88074285566543, 'reg_alpha': 0.33540784926997513, 'reg_lambda': 6.602674889764811e-20}",0.7507498865485294,0.7553820270733947,0.7447460505448043,0.7522735827868827,0.7651155691786001,0.7536534232264422,0.006693947027822799,1,0.933441399915078,0.932118893073486,0.932468262010246,0.9304448391788418,0.93132817352026,0.9319603135395823,0.0010171567736777293,0.9364435282629923,0.9380134428678119,0.9385791112369092,0.9332507120648794,0.9396413218116288,0.9371856232488444,0.0022222412344032067,1,0.9749053004422046,0.9741081324276575,0.9746915307426853,0.9741084888852343,0.9737656871494837,0.974315827929453,0.00041890624862113353
