mean_fit_time,std_fit_time,mean_score_time,std_score_time,param_l2_regularization,param_max_leaf_nodes,params,split0_test_AUC,split1_test_AUC,split2_test_AUC,split3_test_AUC,split4_test_AUC,mean_test_AUC,std_test_AUC,rank_test_AUC,split0_train_AUC,split1_train_AUC,split2_train_AUC,split3_train_AUC,split4_train_AUC,mean_train_AUC,std_train_AUC,split0_test_custom_score,split1_test_custom_score,split2_test_custom_score,split3_test_custom_score,split4_test_custom_score,mean_test_custom_score,std_test_custom_score,rank_test_custom_score,split0_train_custom_score,split1_train_custom_score,split2_train_custom_score,split3_train_custom_score,split4_train_custom_score,mean_train_custom_score,std_train_custom_score
2.721996879577637,0.11214284419659815,0.2498002052307129,0.041291763303266484,0.7447468982746397,22,"{'l2_regularization': 0.7447468982746397, 'max_leaf_nodes': 22}",0.7445144039884318,0.7366755793931018,0.743900896385207,0.7417122964846851,0.7514218789046312,0.7436450110312114,0.004766746442296262,1,0.9006421825568459,0.9051428866814109,0.9139454321253175,0.9073497884405483,0.9141449720879097,0.9082450523784065,0.00520637956532599,0.9356610076419714,0.9332998653675011,0.9359272337192152,0.932636707189364,0.9358106603731576,0.934667094858242,0.001405371497062836,1,0.9671898107280835,0.9683880405024674,0.9701933176256848,0.9689082282986952,0.9711586331749265,0.9691676060659715,0.001385853299945794
