mean_fit_time,std_fit_time,mean_score_time,std_score_time,param_bagging_fraction,param_feature_fraction,param_max_depth,param_min_child_weight,param_min_split_gain,param_num_leaves,param_reg_alpha,param_reg_lambda,params,split0_test_AUC,split1_test_AUC,split2_test_AUC,split3_test_AUC,split4_test_AUC,mean_test_AUC,std_test_AUC,rank_test_AUC,split0_train_AUC,split1_train_AUC,split2_train_AUC,split3_train_AUC,split4_train_AUC,mean_train_AUC,std_train_AUC,split0_test_custom_score,split1_test_custom_score,split2_test_custom_score,split3_test_custom_score,split4_test_custom_score,mean_test_custom_score,std_test_custom_score,rank_test_custom_score,split0_train_custom_score,split1_train_custom_score,split2_train_custom_score,split3_train_custom_score,split4_train_custom_score,mean_train_custom_score,std_train_custom_score
185.63300967216492,5.459066863171247,4.802873945236206,0.0724521731705677,0.8545658753905836,0.5327494834420226,6,48.09412829613508,0.040922373574757066,27,0.7165588533310197,99.42074384798632,"{'bagging_fraction': 0.8545658753905836, 'feature_fraction': 0.5327494834420226, 'max_depth': 6, 'min_child_weight': 48.09412829613508, 'min_split_gain': 0.040922373574757066, 'num_leaves': 27, 'reg_alpha': 0.7165588533310197, 'reg_lambda': 99.42074384798632}",0.7799003088470703,0.7739874635731859,0.7716107567674239,0.7736939780351225,0.7741673940170516,0.7746719802479708,0.002770782120948578,1,0.9791290647825082,0.9802048368288836,0.9802733646437166,0.9796591098743934,0.9791337900804065,0.9796800332419817,0.0004959529371469443,0.9411482148820985,0.9398398930158814,0.9402984157040188,0.9398297004692937,0.940938202224112,0.9404108852590809,0.0005473893417082015,1,0.9891343939678531,0.9893828169806541,0.98977209174796,0.9894515599002742,0.9891225442961981,0.989372681378588,0.0002388315912419564
