mean_fit_time,std_fit_time,mean_score_time,std_score_time,param_max_depth,param_max_leaves,param_min_child_weight,param_reg_alpha,param_reg_lambda,params,split0_test_AUC,split1_test_AUC,split2_test_AUC,split3_test_AUC,split4_test_AUC,mean_test_AUC,std_test_AUC,rank_test_AUC,split0_train_AUC,split1_train_AUC,split2_train_AUC,split3_train_AUC,split4_train_AUC,mean_train_AUC,std_train_AUC,split0_test_custom_score,split1_test_custom_score,split2_test_custom_score,split3_test_custom_score,split4_test_custom_score,mean_test_custom_score,std_test_custom_score,rank_test_custom_score,split0_train_custom_score,split1_train_custom_score,split2_train_custom_score,split3_train_custom_score,split4_train_custom_score,mean_train_custom_score,std_train_custom_score
377.3230880260468,6.173508847309233,2.228624773025513,0.024311185730828945,20,42,150.0,1e-09,0.999,"{'max_depth': 20, 'max_leaves': 42, 'min_child_weight': 150.0, 'reg_alpha': 1e-09, 'reg_lambda': 0.999}",0.777666922465343,0.77435853760284,0.7719128389492231,0.774135906272038,0.7756263424055833,0.7747401095390056,0.0018897492065197616,1,0.9334424585843688,0.9338634979449136,0.9331218310499362,0.9335321321012966,0.9340497671138828,0.9336019373588795,0.0003255069126840885,0.9410404118798028,0.9409624905688274,0.9411465820113173,0.940724619965249,0.9413595733819904,0.9410467355614374,0.00020915663057097746,1,0.9747693518890593,0.9745824442143285,0.9745419423266986,0.9749885934713177,0.9748536960691181,0.9747472055941044,0.00016695994018099802
